address_type,agency,agency_name,borough,bridge_highway_direction,bridge_highway_name,bridge_highway_segment,city,closed_date,community_board,complaint_type,created_date,cross_street_1,cross_street_2,descriptor,due_date,facility_type,ferry_direction,ferry_terminal_name,garage_lot_name,incident_address,incident_zip,intersection_street_1,intersection_street_2,landmark,latitude,location,location_address,location_city,location_state,location_type,location_zip,longitude,park_borough,park_facility_name,resolution_action_updated_date,resolution_description,road_ramp,school_address,school_city,school_code,school_name,school_not_found,school_number,school_or_citywide_complaint,school_phone_number,school_region,school_state,school_zip,status,street_name,taxi_company_borough,taxi_pick_up_location,unique_key,vehicle_type,x_coordinate_state_plane,y_coordinate_state_plane
ADDRESS,DOB,Department of Buildings,QUEENS,,,,Astoria,2018-02-12T00:00:00.000,01 QUEENS,Plumbing,2014-06-05T11:23:08.000,20 ROAD,21 AVENUE,Failure To Retain Water/Improper Drainage- (LL103/89),,N/A,,,,20-66 41 STREET,11105,,,,40.7745603388,POINT (-73.902628676257 40.774560338845),,,,,,-73.9026286763,QUEENS,Unspecified,2018-02-12T00:00:00.000,The Department of Buildings investigated this complaint and assigned it to the Night Emergency Squad for further action.,,Unspecified,Unspecified,Unspecified,Unspecified,,Unspecified,,Unspecified,Unspecified,Unspecified,Unspecified,Assigned,41 STREET,,,28198548,,1011219,221485
ADDRESS,DOB,Department of Buildings,QUEENS,,,,Astoria,2018-02-12T00:00:00.000,01 QUEENS,Plumbing,2014-05-28T16:07:49.000,35 AVENUE,36 AVENUE,Failure To Retain Water/Improper Drainage- (LL103/89),,N/A,,,,35-48 31 STREET,11106,,,,40.7573674055,POINT (-73.92912632017 40.757367405475),,,,,,-73.9291263202,QUEENS,Unspecified,2018-02-12T00:00:00.000,The Department of Buildings investigated this complaint and assigned it to the Night Emergency Squad for further action.,,Unspecified,Unspecified,Unspecified,Unspecified,,Unspecified,,Unspecified,Unspecified,Unspecified,Unspecified,Assigned,31 STREET,,,28135076,,1003885,215214
ADDRESS,DOB,Department of Buildings,QUEENS,,,,Astoria,2018-02-12T00:00:00.000,01 QUEENS,Plumbing,2013-03-12T16:05:57.000,21 AVENUE,DITMARS BOULEVARD,Failure To Retain Water/Improper Drainage- (LL103/89),,N/A,,,,21-09 38 STREET,11105,,,,40.7749300004,POINT (-73.904863042776 40.774930000369),,,,,,-73.9048630428,QUEENS,Unspecified,2018-02-12T00:00:00.000,The Department of Buildings investigated this complaint and assigned it to the Night Emergency Squad for further action.,,Unspecified,Unspecified,Unspecified,Unspecified,,Unspecified,,Unspecified,Unspecified,Unspecified,Unspecified,Assigned,38 STREET,,,25166872,,1010600,221619
ADDRESS,DOB,Department of Buildings,QUEENS,,,,Woodside,2018-02-12T00:00:00.000,02 QUEENS,Plumbing,2014-04-28T12:07:54.000,49 STREET,50 STREET,Failure To Retain Water/Improper Drainage- (LL103/89),,N/A,,,,49-09 43 AVENUE,11377,,,,40.7445648492,POINT (-73.915372116468 40.744564849158),,,,,,-73.9153721165,QUEENS,Unspecified,2018-02-12T00:00:00.000,The Department of Buildings investigated this complaint and assigned it to the Night Emergency Squad for further action.,,Unspecified,Unspecified,Unspecified,Unspecified,,Unspecified,,Unspecified,Unspecified,Unspecified,Unspecified,Assigned,43 AVENUE,,,27930177,,1007700,210553
ADDRESS,DOB,Department of Buildings,QUEENS,,,,Woodside,2018-02-12T00:00:00.000,02 QUEENS,Plumbing,2013-09-18T12:31:20.000,39 DRIVE,SKILLMAN AVENUE,Failure To Retain Water/Improper Drainage- (LL103/89),,N/A,,,,39-60 54 STREET,11377,,,,40.7466108988,POINT (-73.90973590422 40.74661089879),,,,,,-73.9097359042,QUEENS,Unspecified,2018-02-12T00:00:00.000,The Department of Buildings investigated this complaint and assigned it to the Night Emergency Squad for further action.,,Unspecified,Unspecified,Unspecified,Unspecified,,Unspecified,,Unspecified,Unspecified,Unspecified,Unspecified,Assigned,54 STREET,,,26335234,,1009261,211300
ADDRESS,DOB,Department of Buildings,QUEENS,,,,Woodside,2018-02-12T00:00:00.000,02 QUEENS,Plumbing,2013-05-17T10:06:50.000,48 AVENUE,50 AVENUE,Failure To Retain Water/Improper Drainage- (LL103/89),,N/A,,,,48-45 48 STREET,11377,,,,40.7387668515,POINT (-73.917667302733 40.738766851458),,,,,,-73.9176673027,QUEENS,Unspecified,2018-02-12T00:00:00.000,The Department of Buildings investigated this complaint and assigned it to the Night Emergency Squad for further action.,,Unspecified,Unspecified,Unspecified,Unspecified,,Unspecified,,Unspecified,Unspecified,Unspecified,Unspecified,Assigned,48 STREET,,,25557773,,1007066,208440
ADDRESS,DOB,Department of Buildings,QUEENS,,,,Woodside,2018-01-26T00:00:00.000,02 QUEENS,Plumbing,2012-11-12T15:49:48.000,48 AVENUE,LAUREL HILL BOULEVARD,Failure To Retain Water/Improper Drainage- (LL103/89),,N/A,,,,48-39 58 LANE,11377,,,,40.7383061792,POINT (-73.907412437629 40.738306179205),,,,,,-73.9074124376,QUEENS,Unspecified,2018-01-26T00:00:00.000,The Department of Buildings investigated this complaint and determined that no further action was necessary.,,Unspecified,Unspecified,Unspecified,Unspecified,,Unspecified,,Unspecified,Unspecified,Unspecified,Unspecified,Closed,58 LANE,,,24393588,,1009908,208275
ADDRESS,DOB,Department of Buildings,QUEENS,,,,East Elmhurst,2018-02-12T00:00:00.000,03 QUEENS,Plumbing,2014-03-24T13:38:57.000,25 AVENUE,27 AVENUE,Failure To Retain Water/Improper Drainage- (LL103/89),,N/A,,,,25-25 CURTIS STREET,11369,,,,40.7658974786,POINT (-73.866551936509 40.765897478583),,,,,,-73.8665519365,QUEENS,Unspecified,2018-02-12T00:00:00.000,The Department of Buildings investigated this complaint and assigned it to the Night Emergency Squad for further action.,,Unspecified,Unspecified,Unspecified,Unspecified,,Unspecified,,Unspecified,Unspecified,Unspecified,Unspecified,Assigned,CURTIS STREET,,,27706539,,1021216,218342
ADDRESS,DOB,Department of Buildings,QUEENS,,,,Jackson Heights,2018-02-12T00:00:00.000,03 QUEENS,Plumbing,2013-07-26T14:30:16.000,NORTHERN BOULEVARD,34 AVENUE,Failure To Retain Water/Improper Drainage- (LL103/89),,N/A,,,,33-12 85 STREET,11372,,,,40.7552899227,POINT (-73.882487248759 40.755289922654),,,,,,-73.8824872488,QUEENS,Unspecified,2018-02-12T00:00:00.000,The Department of Buildings investigated this complaint and assigned it to the Night Emergency Squad for further action.,,Unspecified,Unspecified,Unspecified,Unspecified,,Unspecified,,Unspecified,Unspecified,Unspecified,Unspecified,Assigned,85 STREET,,,26120299,,1016807,214471
ADDRESS,DOB,Department of Buildings,QUEENS,,,,East Elmhurst,2018-02-12T00:00:00.000,03 QUEENS,Plumbing,2013-03-04T10:16:11.000,25 AVENUE,30 AVENUE,Failure To Retain Water/Improper Drainage- (LL103/89),,N/A,,,,25-51 85 STREET,11370,,,,40.7630562205,POINT (-73.883877785565 40.763056220475),,,,,,-73.8838777856,QUEENS,Unspecified,2018-02-12T00:00:00.000,The Department of Buildings investigated this complaint and assigned it to the Night Emergency Squad for further action.,,Unspecified,Unspecified,Unspecified,Unspecified,,Unspecified,,Unspecified,Unspecified,Unspecified,Unspecified,Assigned,85 STREET,,,25113165,,1016418,217300
ADDRESS,DOB,Department of Buildings,BROOKLYN,,,,BROOKLYN,2018-02-08T00:00:00.000,04 BROOKLYN,Plumbing,2015-03-06T15:06:40.000,,,Plumbing Work - Illegal/No Permit/Standpipe/Sprinkler,,N/A,,,,290 SUYDAM STREET,11237,,,,40.7027127211,POINT (-73.923136157265 40.702712721116),,,,,,-73.9231361573,BROOKLYN,Unspecified,2018-02-08T00:00:00.000,The Department of Buildings investigated this complaint and removed the stop work order.,,Unspecified,Unspecified,Unspecified,Unspecified,,Unspecified,,Unspecified,Unspecified,Unspecified,Unspecified,Closed,SUYDAM STREET,,,30114443,,1005562,195303
ADDRESS,DOB,Department of Buildings,QUEENS,,,,Corona,2018-02-12T00:00:00.000,04 QUEENS,Plumbing,2014-06-10T16:06:07.000,103 STREET,104 STREET,Failure To Retain Water/Improper Drainage- (LL103/89),,N/A,,,,103-26 CORONA AVENUE,11368,,,,40.7440847636,POINT (-73.859464554639 40.744084763593),,,,,,-73.8594645546,QUEENS,Unspecified,2018-02-12T00:00:00.000,The Department of Buildings investigated this complaint and assigned it to the Night Emergency Squad for further action.,,Unspecified,Unspecified,Unspecified,Unspecified,,Unspecified,,Unspecified,Unspecified,Unspecified,Unspecified,Assigned,CORONA AVENUE,,,28229591,,1023192,210398
ADDRESS,DOB,Department of Buildings,QUEENS,,,,Corona,2018-02-12T00:00:00.000,04 QUEENS,Plumbing,2014-03-30T19:41:21.000,108 STREET,111 STREET,Failure To Retain Water/Improper Drainage- (LL103/89),,N/A,,,,108-71 42 AVENUE,11368,,,,40.7495115424,POINT (-73.85755830944 40.74951154239),,,,,,-73.8575583094,QUEENS,Unspecified,2018-02-12T00:00:00.000,The Department of Buildings investigated this complaint and assigned it to the Night Emergency Squad for further action.,,Unspecified,Unspecified,Unspecified,Unspecified,,Unspecified,,Unspecified,Unspecified,Unspecified,Unspecified,Assigned,42 AVENUE,,,27755509,,1023717,212376
ADDRESS,DOB,Department of Buildings,QUEENS,,,,Elmhurst,2018-02-12T00:00:00.000,04 QUEENS,Plumbing,2013-12-14T10:59:07.000,90 STREET,91 STREET,Failure To Retain Water/Improper Drainage- (LL103/89),,N/A,,,,90-31 48 AVENUE,11373,,,,40.7413683311,POINT (-73.874478848764 40.741368331072),,,,,,-73.8744788488,QUEENS,Unspecified,2018-02-12T00:00:00.000,The Department of Buildings investigated this complaint and assigned it to the Night Emergency Squad for further action.,,Unspecified,Unspecified,Unspecified,Unspecified,,Unspecified,,Unspecified,Unspecified,Unspecified,Unspecified,Assigned,48 AVENUE,,,26885861,,1019033,209402
ADDRESS,DOB,Department of Buildings,QUEENS,,,,Maspeth,2018-02-12T00:00:00.000,05 QUEENS,Plumbing,2014-06-09T18:58:11.000,69 STREET,69 PLACE,Failure To Retain Water/Improper Drainage- (LL103/89),,N/A,,,,69-36 60 ROAD,11378,,,,40.7211020006,POINT (-73.891638674186 40.721102000631),,,,,,-73.8916386742,QUEENS,Unspecified,2018-02-12T00:00:00.000,The Department of Buildings investigated this complaint and assigned it to the Night Emergency Squad for further action.,,Unspecified,Unspecified,Unspecified,Unspecified,,Unspecified,,Unspecified,Unspecified,Unspecified,Unspecified,Assigned,60 ROAD,,,28226386,,1014287,202012
ADDRESS,DOB,Department of Buildings,QUEENS,,,,Maspeth,2018-02-12T00:00:00.000,05 QUEENS,Plumbing,2014-06-09T15:44:41.000,PAGE PLACE,54 STREET,Failure To Retain Water/Improper Drainage- (LL103/89),,N/A,,,,53-06 GRAND AVENUE,11378,,,,40.7183446018,POINT (-73.915928489432 40.718344601791),,,,,,-73.9159284894,QUEENS,Unspecified,2018-02-12T00:00:00.000,The Department of Buildings investigated this complaint and assigned it to the Night Emergency Squad for further action.,,Unspecified,Unspecified,Unspecified,Unspecified,,Unspecified,,Unspecified,Unspecified,Unspecified,Unspecified,Assigned,GRAND AVENUE,,,28222217,,1007555,201000
ADDRESS,DOB,Department of Buildings,QUEENS,,,,Middle Village,2018-02-12T00:00:00.000,05 QUEENS,Plumbing,2014-06-04T12:47:59.000,ELIOT AVENUE,62 AVENUE,Failure To Retain Water/Improper Drainage- (LL103/89),,N/A,,,,61-20 81 STREET,11379,,,,40.724832136,POINT (-73.87793018853 40.724832136011),,,,,,-73.8779301885,QUEENS,Unspecified,2018-02-12T00:00:00.000,The Department of Buildings investigated this complaint and assigned it to the Night Emergency Squad for further action.,,Unspecified,Unspecified,Unspecified,Unspecified,,Unspecified,,Unspecified,Unspecified,Unspecified,Unspecified,Assigned,81 STREET,,,28185341,,1018085,203376
ADDRESS,DOB,Department of Buildings,QUEENS,,,,Middle Village,2018-02-12T00:00:00.000,05 QUEENS,Plumbing,2014-05-05T19:07:47.000,DRY HARBOR ROAD,JUNIPER VALLEY ROAD,Failure To Retain Water/Improper Drainage- (LL103/89),,N/A,,,,65-02 80 STREET,11379,,,,40.7175250213,POINT (-73.872352095418 40.717525021253),,,,,,-73.8723520954,QUEENS,Unspecified,2018-02-12T00:00:00.000,The Department of Buildings investigated this complaint and assigned it to the Night Emergency Squad for further action.,,Unspecified,Unspecified,Unspecified,Unspecified,,Unspecified,,Unspecified,Unspecified,Unspecified,Unspecified,Assigned,80 STREET,,,27986522,,1019635,200716
ADDRESS,DOB,Department of Buildings,QUEENS,,,,Middle Village,2018-02-12T00:00:00.000,05 QUEENS,Plumbing,2014-05-04T20:20:57.000,78 STREET,79 STREET,Failure To Retain Water/Improper Drainage- (LL103/89),,N/A,,,,78-18 69 ROAD,11379,,,,40.7090508644,POINT (-73.873872419294 40.70905086435),,,,,,-73.8738724193,QUEENS,Unspecified,2018-02-12T00:00:00.000,The Department of Buildings investigated this complaint and assigned it to the Night Emergency Squad for further action.,,Unspecified,Unspecified,Unspecified,Unspecified,,Unspecified,,Unspecified,Unspecified,Unspecified,Unspecified,Assigned,69 ROAD,,,27980631,,1019218,197628
ADDRESS,DOB,Department of Buildings,QUEENS,,,,Middle Village,2018-02-12T00:00:00.000,05 QUEENS,Plumbing,2014-04-29T07:56:42.000,79 STREET,80 STREET,Failure To Retain Water/Improper Drainage- (LL103/89),,N/A,,,,79-67 68 ROAD,11379,,,,40.71054159,POINT (-73.871676526656 40.710541589986),,,,,,-73.8716765267,QUEENS,Unspecified,2018-02-12T00:00:00.000,The Department of Buildings investigated this complaint and assigned it to the Night Emergency Squad for further action.,,Unspecified,Unspecified,Unspecified,Unspecified,,Unspecified,,Unspecified,Unspecified,Unspecified,Unspecified,Assigned,68 ROAD,,,27938744,,1019826,198172
ADDRESS,DOB,Department of Buildings,QUEENS,,,,Maspeth,2018-02-12T00:00:00.000,05 QUEENS,Plumbing,2014-04-28T10:56:07.000,MT OLIVET CRESCENT,65 STREET,Failure To Retain Water/Improper Drainage- (LL103/89),,N/A,,,,64-27 60 ROAD,11378,,,,40.7178312329,POINT (-73.898754215649 40.717831232916),,,,,,-73.8987542156,QUEENS,Unspecified,2018-02-12T00:00:00.000,The Department of Buildings investigated this complaint and assigned it to the Night Emergency Squad for further action.,,Unspecified,Unspecified,Unspecified,Unspecified,,Unspecified,,Unspecified,Unspecified,Unspecified,Unspecified,Assigned,60 ROAD,,,27929164,,1012316,200818
ADDRESS,DOB,Department of Buildings,QUEENS,,,,Middle Village,2018-02-12T00:00:00.000,05 QUEENS,Plumbing,2014-04-17T10:12:08.000,JUNIPER VALLEY ROAD,66 ROAD,Failure To Retain Water/Improper Drainage- (LL103/89),,N/A,,,,66-06 70 STREET,11379,,,,40.7144450826,POINT (-73.885080718954 40.714445082622),,,,,,-73.885080719,QUEENS,Unspecified,2018-02-12T00:00:00.000,The Department of Buildings investigated this complaint and assigned it to the Night Emergency Squad for further action.,,Unspecified,Unspecified,Unspecified,Unspecified,,Unspecified,,Unspecified,Unspecified,Unspecified,Unspecified,Assigned,70 STREET,,,27864197,,1016108,199589
ADDRESS,DOB,Department of Buildings,QUEENS,,,,Maspeth,2018-02-12T00:00:00.000,05 QUEENS,Plumbing,2014-04-08T09:54:27.000,PAGE PLACE,54 STREET,Failure To Retain Water/Improper Drainage- (LL103/89),,N/A,,,,53-10 GRAND AVENUE,11378,,,,40.7183528176,POINT (-73.915903226941 40.718352817624),,,,,,-73.9159032269,QUEENS,Unspecified,2018-02-12T00:00:00.000,The Department of Buildings investigated this complaint and assigned it to the Night Emergency Squad for further action.,,Unspecified,Unspecified,Unspecified,Unspecified,,Unspecified,,Unspecified,Unspecified,Unspecified,Unspecified,Assigned,GRAND AVENUE,,,27805336,,1007562,201003
ADDRESS,DOB,Department of Buildings,QUEENS,,,,Ridgewood,2018-02-12T00:00:00.000,05 QUEENS,Plumbing,2013-08-13T09:00:56.000,CYPRESS HILLS STREET,COOPER AVENUE,Failure To Retain Water/Improper Drainage- (LL103/89),,N/A,,,,74-62 65 STREET,11385,,,,40.6999954702,POINT (-73.88949828857 40.699995470199),,,,,,-73.8894982886,QUEENS,Unspecified,2018-02-12T00:00:00.000,The Department of Buildings investigated this complaint and assigned it to the Night Emergency Squad for further action.,,Unspecified,Unspecified,Unspecified,Unspecified,,Unspecified,,Unspecified,Unspecified,Unspecified,Unspecified,Assigned,65 STREET,,,26120197,,1014890,194323
ADDRESS,DOB,Department of Buildings,QUEENS,,,,Ridgewood,2018-02-12T00:00:00.000,05 QUEENS,Plumbing,2013-06-19T18:59:34.000,CENTRAL AVENUE,MYRTLE AVENUE,Failure To Retain Water/Improper Drainage- (LL103/89),,N/A,,,,71-10 65 PLACE,11385,,,,40.7022546287,POINT (-73.889721758228 40.702254628681),,,,,,-73.8897217582,QUEENS,Unspecified,2018-02-12T00:00:00.000,The Department of Buildings investigated this complaint and assigned it to the Night Emergency Squad for further action.,,Unspecified,Unspecified,Unspecified,Unspecified,,Unspecified,,Unspecified,Unspecified,Unspecified,Unspecified,Assigned,65 PLACE,,,25776996,,1014827,195146
ADDRESS,DOB,Department of Buildings,QUEENS,,,,Maspeth,2018-02-12T00:00:00.000,05 QUEENS,Plumbing,2013-06-04T09:15:25.000,63 STREET,64 STREET,Failure To Retain Water/Improper Drainage- (LL103/89),,N/A,,,,63-02 FLUSHING AVENUE,11378,,,,40.7222147979,POINT (-73.902138753338 40.722214797859),,,,,,-73.9021387533,QUEENS,Unspecified,2018-02-12T00:00:00.000,The Department of Buildings investigated this complaint and assigned it to the Night Emergency Squad for further action.,,Unspecified,Unspecified,Unspecified,Unspecified,,Unspecified,,Unspecified,Unspecified,Unspecified,Unspecified,Assigned,FLUSHING AVENUE,,,25672257,,1011376,202414
ADDRESS,DOB,Department of Buildings,QUEENS,,,,Maspeth,2018-01-29T00:00:00.000,05 QUEENS,Plumbing,2013-01-17T10:37:06.000,BEND,66 STREET,Failure To Retain Water/Improper Drainage- (LL103/89),,N/A,,,,64-83 59 AVENUE,11378,,,,40.7203891533,POINT (-73.898530268809 40.720389153277),,,,,,-73.8985302688,QUEENS,Unspecified,2018-01-29T00:00:00.000,The Department of Buildings investigated this complaint and determined that no further action was necessary.,,Unspecified,Unspecified,Unspecified,Unspecified,,Unspecified,,Unspecified,Unspecified,Unspecified,Unspecified,Closed,59 AVENUE,,,24805942,,1012377,201750
ADDRESS,DOB,Department of Buildings,QUEENS,,,,Middle Village,2018-01-29T00:00:00.000,05 QUEENS,Plumbing,2012-10-17T15:31:52.000,ELIOT AVENUE,62 AVENUE,Failure To Retain Water/Improper Drainage- (LL103/89),,N/A,,,,61-23 65 STREET,11379,,,,40.7155272697,POINT (-73.897502376892 40.715527269721),,,,,,-73.8975023769,QUEENS,Unspecified,2018-01-29T00:00:00.000,The Department of Buildings investigated this complaint and determined that no further action was necessary.,,Unspecified,Unspecified,Unspecified,Unspecified,,Unspecified,,Unspecified,Unspecified,Unspecified,Unspecified,Closed,65 STREET,,,24221169,,1012664,199979
ADDRESS,DOB,Department of Buildings,MANHATTAN,,,,NEW YORK,2018-02-10T00:00:00.000,06 MANHATTAN,Plumbing,2015-05-05T17:02:53.000,,,Plumbing-Defective/Leaking/Not Maintained,,N/A,,,,210 EAST   15 STREET,10003,,,,40.7336874475,POINT (-73.98601793319 40.733687447547),,,,,,-73.9860179332,MANHATTAN,Unspecified,2018-02-10T00:00:00.000,The Department of Buildings investigated this complaint and removed the stop work order.,,Unspecified,Unspecified,Unspecified,Unspecified,,Unspecified,,Unspecified,Unspecified,Unspecified,Unspecified,Closed,EAST   15 STREET,,,30555014,,988125,206579
ADDRESS,DOB,Department of Buildings,QUEENS,,,,Forest Hills,2018-02-12T00:00:00.000,06 QUEENS,Plumbing,2014-05-14T16:08:32.000,108 STREET,110 STREET,Failure To Retain Water/Improper Drainage- (LL103/89),,N/A,,,,108-28 64 AVENUE,11375,,,,40.7332319538,POINT (-73.848601336638 40.733231953779),,,,,,-73.8486013366,QUEENS,Unspecified,2018-02-12T00:00:00.000,The Department of Buildings investigated this complaint and assigned it to the Night Emergency Squad for further action.,,Unspecified,Unspecified,Unspecified,Unspecified,,Unspecified,,Unspecified,Unspecified,Unspecified,Unspecified,Assigned,64 AVENUE,,,28046400,,1026209,206449
ADDRESS,DOB,Department of Buildings,QUEENS,,,,Forest Hills,2018-02-12T00:00:00.000,06 QUEENS,Plumbing,2014-05-01T10:27:13.000,108 STREET,110 STREET,Failure To Retain Water/Improper Drainage- (LL103/89),,N/A,,,,108-23 63 AVENUE,11375,,,,40.7351033455,POINT (-73.850293012478 40.735103345536),,,,,,-73.8502930125,QUEENS,Unspecified,2018-02-12T00:00:00.000,The Department of Buildings investigated this complaint and assigned it to the Night Emergency Squad for further action.,,Unspecified,Unspecified,Unspecified,Unspecified,,Unspecified,,Unspecified,Unspecified,Unspecified,Unspecified,Assigned,63 AVENUE,,,27960117,,1025739,207130
ADDRESS,DOB,Department of Buildings,QUEENS,,,,Rego Park,2018-02-12T00:00:00.000,06 QUEENS,Plumbing,2014-03-17T10:17:34.000,WOODHAVEN BOULEVARD,FITCHETT STREET,Failure To Retain Water/Improper Drainage- (LL103/89),,N/A,,,,85-32 67 AVENUE,11374,,,,40.7175973621,POINT (-73.861331324271 40.717597362147),,,,,,-73.8613313243,QUEENS,Unspecified,2018-02-12T00:00:00.000,The Department of Buildings investigated this complaint and assigned it to the Night Emergency Squad for further action.,,Unspecified,Unspecified,Unspecified,Unspecified,,Unspecified,,Unspecified,Unspecified,Unspecified,Unspecified,Assigned,67 AVENUE,,,27656869,,1022690,200747
ADDRESS,DOB,Department of Buildings,QUEENS,,,,Rego Park,2018-02-12T00:00:00.000,06 QUEENS,Plumbing,2013-06-13T17:09:08.000,62 AVENUE,63 AVENUE,Failure To Retain Water/Improper Drainage- (LL103/89),,N/A,,,,62-61 BOOTH STREET,11374,,,,40.7300763258,POINT (-73.867071074622 40.730076325765),,,,,,-73.8670710746,QUEENS,Unspecified,2018-02-12T00:00:00.000,The Department of Buildings investigated this complaint and assigned it to the Night Emergency Squad for further action.,,Unspecified,Unspecified,Unspecified,Unspecified,,Unspecified,,Unspecified,Unspecified,Unspecified,Unspecified,Assigned,BOOTH STREET,,,25736665,,1021092,205291
ADDRESS,DOB,Department of Buildings,QUEENS,,,,Rego Park,2018-01-28T00:00:00.000,06 QUEENS,Plumbing,2012-07-25T11:44:18.000,99 STREET,102 STREET,Failure To Retain Water/Improper Drainage- (LL103/89),,N/A,,,,99-72 65 AVENUE,11374,,,,40.7302382561,POINT (-73.853489889109 40.730238256056),,,,,,-73.8534898891,QUEENS,Unspecified,2018-01-28T00:00:00.000,The Department of Buildings investigated this complaint and determined that no further action was necessary.,,Unspecified,Unspecified,Unspecified,Unspecified,,Unspecified,,Unspecified,Unspecified,Unspecified,Unspecified,Closed,65 AVENUE,,,23679676,,1024856,205356
ADDRESS,DOB,Department of Buildings,QUEENS,,,,Rego Park,2018-01-28T00:00:00.000,06 QUEENS,Plumbing,2012-04-24T15:58:51.000,99 STREET,102 STREET,Failure To Retain Water/Improper Drainage- (LL103/89),,N/A,,,,99-30 64 ROAD,11374,,,,40.7305749521,POINT (-73.854939609761 40.730574952069),,,,,,-73.8549396098,QUEENS,Unspecified,2018-01-28T00:00:00.000,The Department of Buildings investigated this complaint and determined that no further action was necessary.,,Unspecified,Unspecified,Unspecified,Unspecified,,Unspecified,,Unspecified,Unspecified,Unspecified,Unspecified,Closed,64 ROAD,,,23112567,,1024454,205478
ADDRESS,DOB,Department of Buildings,QUEENS,,,,Forest Hills,2018-01-24T00:00:00.000,06 QUEENS,Plumbing,2012-12-07T14:16:55.000,108 STREET,110 STREET,Failure To Retain Water/Improper Drainage- (LL103/89),,N/A,,,,108-24 71 AVENUE,11375,,,,40.7217655728,POINT (-73.843363844721 40.721765572763),,,,,,-73.8433638447,QUEENS,Unspecified,2018-01-24T00:00:00.000,The Department of Buildings investigated this complaint and determined that no further action was necessary.,,Unspecified,Unspecified,Unspecified,Unspecified,,Unspecified,,Unspecified,Unspecified,Unspecified,Unspecified,Closed,71 AVENUE,,,24557433,,1027668,202274
ADDRESS,DOB,Department of Buildings,BROOKLYN,,,,BROOKLYN,2018-01-24T00:00:00.000,07 BROOKLYN,Plumbing,2014-11-24T11:28:20.000,4 AVENUE,5 AVENUE,Plumbing Work - Illegal/No Permit/Standpipe/Sprinkler,,N/A,,,,415 54 STREET,11220,,,,40.6438675571,POINT (-74.014287552592 40.643867557089),,,,,,-74.0142875526,BROOKLYN,Unspecified,2018-01-24T00:00:00.000,The Department of Buildings investigated this complaint and removed the stop work order.,,Unspecified,Unspecified,Unspecified,Unspecified,,Unspecified,,Unspecified,Unspecified,Unspecified,Unspecified,Closed,54 STREET,,,29367895,,980285,173855
ADDRESS,DOB,Department of Buildings,QUEENS,,,,College Point,2018-02-12T00:00:00.000,07 QUEENS,Plumbing,2014-05-23T13:00:41.000,23 AVENUE,25 AVENUE,Failure To Retain Water/Improper Drainage- (LL103/89),,N/A,,,,23-38 123 STREET,11356,,,,40.7782633157,POINT (-73.845224050351 40.778263315732),,,,,,-73.8452240504,QUEENS,Unspecified,2018-02-12T00:00:00.000,The Department of Buildings investigated this complaint and assigned it to the Night Emergency Squad for further action.,,Unspecified,Unspecified,Unspecified,Unspecified,,Unspecified,,Unspecified,Unspecified,Unspecified,Unspecified,Assigned,123 STREET,,,28106165,,1027116,222857
ADDRESS,DOB,Department of Buildings,QUEENS,,,,Bayside,2018-02-12T00:00:00.000,07 QUEENS,Plumbing,2014-05-20T08:49:52.000,22 AVENUE,23 AVENUE,Failure To Retain Water/Improper Drainage- (LL103/89),,N/A,,,,22-10 202 STREET,11360,,,,40.7770707076,POINT (-73.790511275728 40.777070707552),,,,,,-73.7905112757,QUEENS,Unspecified,2018-02-12T00:00:00.000,The Department of Buildings investigated this complaint and assigned it to the Night Emergency Squad for further action.,,Unspecified,Unspecified,Unspecified,Unspecified,,Unspecified,,Unspecified,Unspecified,Unspecified,Unspecified,Assigned,202 STREET,,,28090269,,1042270,222454
ADDRESS,DOB,Department of Buildings,QUEENS,,,,Flushing,2018-02-12T00:00:00.000,07 QUEENS,Plumbing,2014-04-06T19:08:02.000,COLLEGE POINT BOULEVARD,123 STREET,Failure To Retain Water/Improper Drainage- (LL103/89),,N/A,,,,122-08 26 AVENUE,11354,,,,40.7744414202,POINT (-73.846366626876 40.77444142018),,,,,,-73.8463666269,QUEENS,Unspecified,2018-02-12T00:00:00.000,The Department of Buildings attempted to investigate this complaint but could not gain access to the location. If the problem still exists, please call 311 and file a new complaint with additional access information. If you are outside of New York City, please call (212) NEW-YORK (212-639-9675).,,Unspecified,Unspecified,Unspecified,Unspecified,,Unspecified,,Unspecified,Unspecified,Unspecified,Unspecified,Assigned,26 AVENUE,,,27801545,
ADDRESS,DOB,Department of Buildings,QUEENS,,,,Flushing,2018-02-12T00:00:00.000,07 QUEENS,Plumbing,2014-03-18T11:41:58.000,BLOSSOM AVENUE,CHERRY AVENUE,Failure To Retain Water/Improper Drainage- (LL103/89),,N/A,,,,42-88 SAULL STREET,11355,,,,40.7521323663,POINT (-73.829010517806 40.752132366278),,,,,,-73.8290105178,QUEENS,Unspecified,2018-02-12T00:00:00.000,The Department of Buildings investigated this complaint and assigned it to the Night Emergency Squad for further action.,,Unspecified,Unspecified,Unspecified,Unspecified,,Unspecified,,Unspecified,Unspecified,Unspecified,Unspecified,Assigned,SAULL STREET,,,27674599,,1031625,213345
ADDRESS,DOB,Department of Buildings,QUEENS,,,,Flushing,2018-02-12T00:00:00.000,07 QUEENS,Plumbing,2013-09-24T16:03:36.000,NORTHERN BOULEVARD,DEPOT ROAD,Failure To Retain Water/Improper Drainage- (LL103/89),,N/A,,,,40-20 159 STREET,11358,,,,40.7629220032,POINT (-73.8064716882 40.762922003185),,,,,,-73.8064716882,QUEENS,Unspecified,2018-02-12T00:00:00.000,The Department of Buildings investigated this complaint and assigned it to the Night Emergency Squad for further action.,,Unspecified,Unspecified,Unspecified,Unspecified,,Unspecified,,Unspecified,Unspecified,Unspecified,Unspecified,Assigned,159 STREET,,,26371721,,1037861,217289
ADDRESS,DOB,Department of Buildings,QUEENS,,,,Bayside,2018-02-12T00:00:00.000,07 QUEENS,Plumbing,2013-04-22T12:39:46.000,213 STREET,BELL BOULEVARD,Failure To Retain Water/Improper Drainage- (LL103/89),,N/A,,,,213-15 26 AVENUE,11360,,,,40.7784689991,POINT (-73.776547860525 40.778468999141),,,,,,-73.7765478605,QUEENS,Unspecified,2018-02-12T00:00:00.000,The Department of Buildings investigated this complaint and assigned it to the Night Emergency Squad for further action.,,Unspecified,Unspecified,Unspecified,Unspecified,,Unspecified,,Unspecified,Unspecified,Unspecified,Unspecified,Assigned,26 AVENUE,,,25406174,,1046136,222973
ADDRESS,DOB,Department of Buildings,QUEENS,,,,Flushing,2018-02-10T00:00:00.000,07 QUEENS,Plumbing,2015-01-07T14:55:57.000,PRINCE STREET,MAIN STREET,Gas Hook-Up/Piping - Illegal Or Defective,,N/A,,,,135-42 ROOSEVELT AVENUE,11354,,,,40.7592196613,POINT (-73.831107587788 40.759219661277),,,,,,-73.8311075878,QUEENS,Unspecified,2018-02-10T00:00:00.000,The Department of Buildings investigated this complaint and removed the stop work order.,,Unspecified,Unspecified,Unspecified,Unspecified,,Unspecified,,Unspecified,Unspecified,Unspecified,Unspecified,Closed,ROOSEVELT AVENUE,,,29654623,,1031039,215926
ADDRESS,DOB,Department of Buildings,QUEENS,,,,Flushing,2018-02-07T00:00:00.000,07 QUEENS,Plumbing,2013-02-01T08:43:32.000,25 AVENUE,200 STREET,Failure To Retain Water/Improper Drainage- (LL103/89),,N/A,,,,199-21 26 AVENUE,11358,,,,40.7741500437,POINT (-73.791885224282 40.774150043678),,,,,,-73.7918852243,QUEENS,Unspecified,2018-02-07T00:00:00.000,The Department of Buildings investigated this complaint and determined that no further action was necessary.,,Unspecified,Unspecified,Unspecified,Unspecified,,Unspecified,,Unspecified,Unspecified,Unspecified,Unspecified,Closed,26 AVENUE,,,24915902,,1041892,221389
ADDRESS,DOB,Department of Buildings,QUEENS,,,,Flushing,2018-02-07T00:00:00.000,07 QUEENS,Plumbing,2012-12-03T19:27:05.000,34 AVENUE,35 AVENUE,Failure To Retain Water/Improper Drainage- (LL103/89),,N/A,,,,34-27 148 STREET,11354,,,,40.7671794581,POINT (-73.818491773707 40.767179458075),,,,,,-73.8184917737,QUEENS,Unspecified,2018-02-07T00:00:00.000,The Department of Buildings investigated this complaint and determined that no further action was necessary.,,Unspecified,Unspecified,Unspecified,Unspecified,,Unspecified,,Unspecified,Unspecified,Unspecified,Unspecified,Closed,148 STREET,,,24531580,,1034528,218833
ADDRESS,DOB,Department of Buildings,QUEENS,,,,Flushing,2018-02-07T00:00:00.000,07 QUEENS,Plumbing,2012-07-18T20:12:07.000,41 AVENUE,BARCLAY AVENUE,Failure To Retain Water/Improper Drainage- (LL103/89),,N/A,,,,41-06 149 PLACE,11355,,,,40.762120325,POINT (-73.814689977123 40.762120325013),,,,,,-73.8146899771,QUEENS,Unspecified,2018-02-07T00:00:00.000,The Department of Buildings investigated this complaint and determined that no further action was necessary.,,Unspecified,Unspecified,Unspecified,Unspecified,,Unspecified,,Unspecified,Unspecified,Unspecified,Unspecified,Closed,149 PLACE,,,23644363,,1035585,216992
ADDRESS,DOB,Department of Buildings,QUEENS,,,,Fresh Meadows,2018-02-13T00:00:00.000,08 QUEENS,Plumbing,2014-05-20T10:14:05.000,166 STREET,167 STREET,Failure To Retain Water/Improper Drainage- (LL103/89),,N/A,,,,166-05 JEWEL AVENUE,11365,,,,40.7316039488,POINT (-73.803001379365 40.731603948778),,,,,,-73.8030013794,QUEENS,Unspecified,2018-02-13T00:00:00.000,The Department of Buildings investigated this complaint and assigned it to the Night Emergency Squad for further action.,,Unspecified,Unspecified,Unspecified,Unspecified,,Unspecified,,Unspecified,Unspecified,Unspecified,Unspecified,Assigned,JEWEL AVENUE,,,28089249,,1038848,205881
ADDRESS,DOB,Department of Buildings,QUEENS,,,,Jamaica,2018-02-13T00:00:00.000,08 QUEENS,Plumbing,2014-04-16T13:45:42.000,HOMELAWN STREET,GRAND CENTRAL PY EB EN HOMELAWN,Failure To Retain Water/Improper Drainage- (LL103/89),,N/A,,,,175-20 GRAND CENTRAL PARKWAY,11432,,,,40.7188982309,POINT (-73.790448814414 40.71889823091),,,,,,-73.7904488144,QUEENS,Unspecified,2018-02-13T00:00:00.000,The Department of Buildings investigated this complaint and assigned it to the Night Emergency Squad for further action.,,Unspecified,Unspecified,Unspecified,Unspecified,,Unspecified,,Unspecified,Unspecified,Unspecified,Unspecified,Assigned,GRAND CENTRAL PARKWAY,,,27868872,,1042338,201260
ADDRESS,DOB,Department of Buildings,QUEENS,,,,Fresh Meadows,2018-02-13T00:00:00.000,08 QUEENS,Plumbing,2013-11-12T13:23:40.000,75 AVENUE,76 AVENUE,Failure To Retain Water/Improper Drainage- (LL103/89),,N/A,,,,75-45 UTOPIA PARKWAY,11366,,,,40.7274764639,POINT (-73.792427859671 40.72747646388),,,,,,-73.7924278597,QUEENS,Unspecified,2018-02-13T00:00:00.000,The Department of Buildings investigated this complaint and assigned it to the Night Emergency Squad for further action.,,Unspecified,Unspecified,Unspecified,Unspecified,,Unspecified,,Unspecified,Unspecified,Unspecified,Unspecified,Assigned,UTOPIA PARKWAY,,,26672116,,1041782,204384
ADDRESS,DOB,Department of Buildings,QUEENS,,,,Hollis,2018-02-13T00:00:00.000,08 QUEENS,Plumbing,2013-10-03T13:12:39.000,197 STREET,198 STREET,Failure To Retain Water/Improper Drainage- (LL103/89),,N/A,,,,197-26 FOOTHILL AVENUE,11423,,,,40.7188891675,POINT (-73.765806108005 40.718889167515),,,,,,-73.765806108,QUEENS,Unspecified,2018-02-13T00:00:00.000,The Department of Buildings investigated this complaint and assigned it to the Night Emergency Squad for further action.,,Unspecified,Unspecified,Unspecified,Unspecified,,Unspecified,,Unspecified,Unspecified,Unspecified,Unspecified,Assigned,FOOTHILL AVENUE,,,26536677,,1049169,201274
ADDRESS,DOB,Department of Buildings,QUEENS,,,,Jamaica,2018-02-13T00:00:00.000,08 QUEENS,Plumbing,2013-09-30T12:40:59.000,BEND,LANDER STREET,Failure To Retain Water/Improper Drainage- (LL103/89),,N/A,,,,141-05 PERSHING CRESCENT,11435,,,,40.7120580867,POINT (-73.816037539186 40.712058086749),,,,,,-73.8160375392,QUEENS,Unspecified,2018-02-13T00:00:00.000,The Department of Buildings investigated this complaint and assigned it to the Night Emergency Squad for further action.,,Unspecified,Unspecified,Unspecified,Unspecified,,Unspecified,,Unspecified,Unspecified,Unspecified,Unspecified,Assigned,PERSHING CRESCENT,,,26428338,,1035250,198752
ADDRESS,DOB,Department of Buildings,QUEENS,,,,Fresh Meadows,2018-02-13T00:00:00.000,08 QUEENS,Plumbing,2013-06-26T14:29:47.000,173 STREET,174 STREET,Failure To Retain Water/Improper Drainage- (LL103/89),,N/A,,,,173-17 73 AVENUE,11366,,,,40.72929013,POINT (-73.796694138027 40.729290129985),,,,,,-73.796694138,QUEENS,Unspecified,2018-02-13T00:00:00.000,The Department of Buildings investigated this complaint and assigned it to the Night Emergency Squad for further action.,,Unspecified,Unspecified,Unspecified,Unspecified,,Unspecified,,Unspecified,Unspecified,Unspecified,Unspecified,Assigned,73 AVENUE,,,25822554,,1040598,205042
ADDRESS,DOB,Department of Buildings,QUEENS,,,,Flushing,2018-02-13T00:00:00.000,08 QUEENS,Plumbing,2013-06-22T06:53:28.000,146 STREET,146 PLACE,Failure To Retain Water/Improper Drainage- (LL103/89),,N/A,,,,146-21 61 ROAD,11367,,,,40.7408181228,POINT (-73.823312597575 40.740818122766),,,,,,-73.8233125976,QUEENS,Unspecified,2018-02-13T00:00:00.000,The Department of Buildings investigated this complaint and assigned it to the Night Emergency Squad for further action.,,Unspecified,Unspecified,Unspecified,Unspecified,,Unspecified,,Unspecified,Unspecified,Unspecified,Unspecified,Assigned,61 ROAD,,,25794767,,1033212,209226
ADDRESS,DOB,Department of Buildings,QUEENS,,,,Fresh Meadows,2018-02-13T00:00:00.000,08 QUEENS,Plumbing,2013-05-21T12:17:34.000,77 ROAD,UNION TURNPIKE,Failure To Retain Water/Improper Drainage- (LL103/89),,N/A,,,,77-40 171 STREET,11366,,,,40.7241730405,POINT (-73.797770432864 40.724173040533),,,,,,-73.7977704329,QUEENS,Unspecified,2018-02-13T00:00:00.000,The Department of Buildings investigated this complaint and assigned it to the Night Emergency Squad for further action.,,Unspecified,Unspecified,Unspecified,Unspecified,,Unspecified,,Unspecified,Unspecified,Unspecified,Unspecified,Assigned,171 STREET,,,25583821,,1040304,203177
ADDRESS,DOB,Department of Buildings,QUEENS,,,,Flushing,2018-02-05T00:00:00.000,08 QUEENS,Plumbing,2013-02-13T12:01:12.000,BEND,72 AVENUE,Failure To Retain Water/Improper Drainage- (LL103/89),,N/A,,,,71-32 MAIN STREET,11367,,,,40.7271418202,POINT (-73.822071651829 40.727141820245),,,,,,-73.8220716518,QUEENS,Unspecified,2018-02-05T00:00:00.000,The Department of Buildings investigated this complaint and determined that no further action was necessary.,,Unspecified,Unspecified,Unspecified,Unspecified,,Unspecified,,Unspecified,Unspecified,Unspecified,Unspecified,Closed,MAIN STREET,,,24993567,,1033566,204244
ADDRESS,DOB,Department of Buildings,QUEENS,,,,Jamaica,2018-01-27T00:00:00.000,08 QUEENS,Plumbing,2013-02-02T12:27:56.000,181 STREET,182 STREET,Failure To Retain Water/Improper Drainage- (LL103/89),,N/A,,,,181-31 HILLSIDE AVENUE,11432,,,,40.7132245629,POINT (-73.781466741696 40.713224562888),,,,,,-73.7814667417,QUEENS,Unspecified,2018-01-27T00:00:00.000,The Department of Buildings investigated this complaint and determined that no further action was necessary.,,Unspecified,Unspecified,Unspecified,Unspecified,,Unspecified,,Unspecified,Unspecified,Unspecified,Unspecified,Closed,HILLSIDE AVENUE,,,24925012,,1044833,199199
ADDRESS,DOB,Department of Buildings,QUEENS,,,,Jamaica,2018-01-27T00:00:00.000,08 QUEENS,Plumbing,2013-01-02T09:38:25.000,85 AVENUE,85 DRIVE,Failure To Retain Water/Improper Drainage- (LL103/89),,N/A,,,,85-04 151 STREET,11432,,,,40.7115732563,POINT (-73.808236749197 40.711573256317),,,,,,-73.8082367492,QUEENS,Unspecified,2018-01-27T00:00:00.000,The Department of Buildings investigated this complaint and determined that no further action was necessary.,,Unspecified,Unspecified,Unspecified,Unspecified,,Unspecified,,Unspecified,Unspecified,Unspecified,Unspecified,Closed,151 STREET,,,24701122,,1037413,198580
ADDRESS,DOB,Department of Buildings,QUEENS,,,,Flushing,2018-01-27T00:00:00.000,08 QUEENS,Plumbing,2012-09-25T15:56:06.000,147 STREET,150 STREET,Failure To Retain Water/Improper Drainage- (LL103/89),,N/A,,,,147-58 70 ROAD,11367,,,,40.7297284304,POINT (-73.819217979321 40.729728430373),,,,,,-73.8192179793,QUEENS,Unspecified,2018-01-27T00:00:00.000,The Department of Buildings investigated this complaint and determined that no further action was necessary.,,Unspecified,Unspecified,Unspecified,Unspecified,,Unspecified,,Unspecified,Unspecified,Unspecified,Unspecified,Closed,70 ROAD,,,24084689,,1034355,205188
ADDRESS,DOB,Department of Buildings,QUEENS,,,,Jamaica,2018-01-27T00:00:00.000,08 QUEENS,Plumbing,2012-04-04T10:31:46.000,GOETHALS AVENUE,82 ROAD,Failure To Retain Water/Improper Drainage- (LL103/89),,N/A,,,,82-30 167 STREET,11432,,,,40.7191342874,POINT (-73.799704910215 40.719134287425),,,,,,-73.7997049102,QUEENS,Unspecified,2018-01-27T00:00:00.000,The Department of Buildings investigated this complaint and issued an Environmental Control Board violation.,,Unspecified,Unspecified,Unspecified,Unspecified,,Unspecified,,Unspecified,Unspecified,Unspecified,Unspecified,Closed,167 STREET,,,23001752,,1039772,201340
ADDRESS,DOB,Department of Buildings,BRONX,,,,BRONX,2018-01-26T00:00:00.000,09 BRONX,Plumbing,2014-09-10T13:51:23.000,O'BRIEN AVENUE,DEAD END,Failure To Retain Water/Improper Drainage- (LL103/89),,N/A,,,,7 RUDD PLACE,10473,,,,40.811885599,POINT (-73.85525007905 40.811885598976),,,,,,-73.8552500791,BRONX,Unspecified,2018-01-26T00:00:00.000,"The Department of Buildings determined that the conditions described in this complaint were addressed under another service request number. Click on ""Learn More"" in the ""Did You Know"" section below for more information.",,Unspecified,Unspecified,Unspecified,Unspecified,,Unspecified,,Unspecified,Unspecified,Unspecified,Unspecified,Closed,RUDD PLACE,,,28858241,,1024319,235102
ADDRESS,DOB,Department of Buildings,QUEENS,,,,South Richmond Hill,2018-02-13T00:00:00.000,09 QUEENS,Plumbing,2014-05-22T15:59:44.000,101 AVENUE,103 AVENUE,Failure To Retain Water/Improper Drainage- (LL103/89),,N/A,,,,101-22 121 STREET,11419,,,,40.6902135594,POINT (-73.823764015904 40.690213559442),,,,,,-73.8237640159,QUEENS,Unspecified,2018-02-13T00:00:00.000,The Department of Buildings investigated this complaint and assigned it to the Night Emergency Squad for further action.,,Unspecified,Unspecified,Unspecified,Unspecified,,Unspecified,,Unspecified,Unspecified,Unspecified,Unspecified,Assigned,121 STREET,,,28107963,,1033124,190789
ADDRESS,DOB,Department of Buildings,QUEENS,,,,Ozone Park,2018-02-13T00:00:00.000,09 QUEENS,Plumbing,2014-05-05T12:18:27.000,84 STREET,86 STREET,Failure To Retain Water/Improper Drainage- (LL103/89),,N/A,,,,84-37 102 ROAD,11416,,,,40.6803724807,POINT (-73.854414262309 40.680372480665),,,,,,-73.8544142623,QUEENS,Unspecified,2018-02-13T00:00:00.000,The Department of Buildings investigated this complaint and assigned it to the Night Emergency Squad for further action.,,Unspecified,Unspecified,Unspecified,Unspecified,,Unspecified,,Unspecified,Unspecified,Unspecified,Unspecified,Assigned,102 ROAD,,,27978585,,1024630,187188
ADDRESS,DOB,Department of Buildings,QUEENS,,,,Kew Gardens,2018-02-13T00:00:00.000,09 QUEENS,Plumbing,2014-03-03T15:20:31.000,82 AVENUE,AUDLEY STREET,Failure To Retain Water/Improper Drainage- (LL103/89),,N/A,,,,82-20 BEVERLY ROAD,11415,,,,40.7096253175,POINT (-73.833473180507 40.709625317457),,,,,,-73.8334731805,QUEENS,Unspecified,2018-02-13T00:00:00.000,The Department of Buildings investigated this complaint and assigned it to the Night Emergency Squad for further action.,,Unspecified,Unspecified,Unspecified,Unspecified,,Unspecified,,Unspecified,Unspecified,Unspecified,Unspecified,Assigned,BEVERLY ROAD,,,27567637,,1030418,197856
ADDRESS,DOB,Department of Buildings,QUEENS,,,,Richmond Hill,2018-02-13T00:00:00.000,09 QUEENS,Plumbing,2013-06-27T13:59:36.000,102 STREET,104 STREET,Failure To Retain Water/Improper Drainage- (LL103/89),,N/A,,,,102-25 85 AVENUE,11418,,,,40.6982524731,POINT (-73.846379911688 40.698252473143),,,,,,-73.8463799117,QUEENS,Unspecified,2018-02-13T00:00:00.000,The Department of Buildings investigated this complaint and assigned it to the Night Emergency Squad for further action.,,Unspecified,Unspecified,Unspecified,Unspecified,,Unspecified,,Unspecified,Unspecified,Unspecified,Unspecified,Assigned,85 AVENUE,,,25833233,,1026847,193706
ADDRESS,DOB,Department of Buildings,QUEENS,,,,Richmond Hill,2018-02-13T00:00:00.000,09 QUEENS,Plumbing,2013-06-12T11:49:50.000,131 STREET,132 STREET,Failure To Retain Water/Improper Drainage- (LL103/89),,N/A,,,,131-23 METROPOLITAN AVENUE,11418,,,,40.7033652812,POINT (-73.821186565324 40.703365281214),,,,,,-73.8211865653,QUEENS,Unspecified,2018-02-13T00:00:00.000,The Department of Buildings investigated this complaint and assigned it to the Night Emergency Squad for further action.,,Unspecified,Unspecified,Unspecified,Unspecified,,Unspecified,,Unspecified,Unspecified,Unspecified,Unspecified,Assigned,METROPOLITAN AVENUE,,,25726953,,1033829,195582
ADDRESS,DOB,Department of Buildings,QUEENS,,,,Ozone Park,2018-02-13T00:00:00.000,09 QUEENS,Plumbing,2013-06-02T17:34:48.000,102 STREET,103 STREET,Failure To Retain Water/Improper Drainage- (LL103/89),,N/A,,,,102-06 97 AVENUE,11416,,,,40.6874670284,POINT (-73.841425177526 40.687467028428),,,,,,-73.8414251775,QUEENS,Unspecified,2018-02-13T00:00:00.000,The Department of Buildings investigated this complaint and assigned it to the Night Emergency Squad for further action.,,Unspecified,Unspecified,Unspecified,Unspecified,,Unspecified,,Unspecified,Unspecified,Unspecified,Unspecified,Assigned,97 AVENUE,,,25655259,,1028228,189779
ADDRESS,DOB,Department of Buildings,QUEENS,,,,Woodhaven,2018-01-30T00:00:00.000,09 QUEENS,Plumbing,2013-02-26T15:53:36.000,PARK LANE SOUTH,85 ROAD,Failure To Retain Water/Improper Drainage- (LL103/89),,N/A,,,,84-35 89 STREET,11421,,,,40.696530768,POINT (-73.856441764496 40.696530767996),,,,,,-73.8564417645,QUEENS,Unspecified,2018-01-30T00:00:00.000,The Department of Buildings attempted to investigate this complaint twice but could not gain access to the location. If the problem still exists, please call 311 and file a new complaint with additional access information. If you are outside of New York City, please call (212) NEW-YORK (212-639-9675).,,Unspecified,Unspecified,Unspecified,Unspecified,,Unspecified,,Unspecified,Unspecified,Unspecified,Unspecified,Closed,89 STREET,,,25076945,
ADDRESS,DOB,Department of Buildings,QUEENS,,,,Woodhaven,2018-01-30T00:00:00.000,09 QUEENS,Plumbing,2012-12-04T11:11:49.000,86 STREET,87 STREET,Failure To Retain Water/Improper Drainage- (LL103/89),,N/A,,,,86-18 91 AVENUE,11421,,,,40.6880547392,POINT (-73.856304963129 40.688054739153),,,,,,-73.8563049631,QUEENS,Unspecified,2018-01-30T00:00:00.000,The Department of Buildings investigated this complaint and determined that no further action was necessary.,,Unspecified,Unspecified,Unspecified,Unspecified,,Unspecified,,Unspecified,Unspecified,Unspecified,Unspecified,Closed,91 AVENUE,,,24530740,,1024101,189986
ADDRESS,DOB,Department of Buildings,QUEENS,,,,Kew Gardens,2018-01-31T00:00:00.000,09 QUEENS,Plumbing,2012-11-20T12:34:14.000,AUSTIN STREET,KEW GARDENS ROAD,Failure To Retain Water/Improper Drainage- (LL103/89),,N/A,,,,99 82 ROAD,11415,,,,40.7106915093,POINT (-73.830548816817 40.71069150931),,,,,,-73.8305488168,QUEENS,Unspecified,2018-01-31T00:00:00.000,The Department of Buildings investigated this complaint and determined that no further action was necessary.,,Unspecified,Unspecified,Unspecified,Unspecified,,Unspecified,,Unspecified,Unspecified,Unspecified,Unspecified,Closed,82 ROAD,,,24446258,,1031228,198246
ADDRESS,DOB,Department of Buildings,QUEENS,,,,Woodhaven,2018-01-31T00:00:00.000,09 QUEENS,Plumbing,2012-09-17T14:26:46.000,JAMAICA AVENUE,88 AVENUE,Failure To Retain Water/Improper Drainage- (LL103/89),,N/A,,,,87-15 92 STREET,11421,,,,40.692985822,POINT (-73.853120987572 40.69298582203),,,,,,-73.8531209876,QUEENS,Unspecified,2018-01-31T00:00:00.000,The Department of Buildings investigated this complaint and determined that no further action was necessary.,,Unspecified,Unspecified,Unspecified,Unspecified,,Unspecified,,Unspecified,Unspecified,Unspecified,Unspecified,Closed,92 STREET,,,24036852,,1024981,191784
ADDRESS,DOB,Department of Buildings,QUEENS,,,,Kew Gardens,2018-01-31T00:00:00.000,09 QUEENS,Plumbing,2012-08-15T16:00:50.000,METROPOLITAN AVENUE,84 AVENUE,Failure To Retain Water/Improper Drainage- (LL103/89),,N/A,,,,83-22 BREVOORT STREET,11415,,,,40.7050692493,POINT (-73.829888649113 40.705069249344),,,,,,-73.8298886491,QUEENS,Unspecified,2018-01-31T00:00:00.000,The Department of Buildings investigated this complaint and determined that no further action was necessary.,,Unspecified,Unspecified,Unspecified,Unspecified,,Unspecified,,Unspecified,Unspecified,Unspecified,Unspecified,Closed,BREVOORT STREET,,,23812887,,1031415,196198
ADDRESS,DOB,Department of Buildings,QUEENS,,,,Woodhaven,2018-01-19T00:00:00.000,09 QUEENS,Plumbing,2013-02-21T15:28:09.000,80 STREET,85 STREET,Failure To Retain Water/Improper Drainage- (LL103/89),,N/A,,,,80-87 88 AVENUE,11421,,,,40.6901164926,POINT (-73.861125243707 40.69011649265),,,,,,-73.8611252437,QUEENS,Unspecified,2018-01-19T00:00:00.000,The Department of Buildings investigated this complaint and determined that no further action was necessary.,,Unspecified,Unspecified,Unspecified,Unspecified,,Unspecified,,Unspecified,Unspecified,Unspecified,Unspecified,Closed,88 AVENUE,,,25044116,,1022763,190735
ADDRESS,DOB,Department of Buildings,QUEENS,,,,South Ozone Park,2018-01-30T00:00:00.000,10 QUEENS,Plumbing,2013-01-05T13:08:50.000,LINDEN BOULEVARD,115 AVENUE,Failure To Retain Water/Improper Drainage- (LL103/89),,N/A,,,,114-15 131 STREET,11420,,,,40.6811099211,POINT (-73.810444347426 40.681109921132),,,,,,-73.8104443474,QUEENS,Unspecified,2018-01-30T00:00:00.000,The Department of Buildings investigated this complaint and determined that no further action was necessary.,,Unspecified,Unspecified,Unspecified,Unspecified,,Unspecified,,Unspecified,Unspecified,Unspecified,Unspecified,Closed,131 STREET,,,24727278,,1036825,187480
ADDRESS,DOB,Department of Buildings,QUEENS,,,,South Richmond Hill,2018-01-30T00:00:00.000,10 QUEENS,Plumbing,2012-10-02T13:57:21.000,123 STREET,124 STREET,Failure To Retain Water/Improper Drainage- (LL103/89),,N/A,,,,123-16 LIBERTY AVENUE,11419,,,,40.6876039141,POINT (-73.820623059428 40.687603914089),,,,,,-73.8206230594,QUEENS,Unspecified,2018-01-30T00:00:00.000,The Department of Buildings investigated this complaint and determined that no further action was necessary.,,Unspecified,Unspecified,Unspecified,Unspecified,,Unspecified,,Unspecified,Unspecified,Unspecified,Unspecified,Closed,LIBERTY AVENUE,,,24126146,,1033997,189840
ADDRESS,DOB,Department of Buildings,QUEENS,,,,South Ozone Park,2018-01-30T00:00:00.000,10 QUEENS,Plumbing,2012-08-23T12:47:50.000,111 AVENUE,LINDEN BOULEVARD,Failure To Retain Water/Improper Drainage- (LL103/89),,N/A,,,,111-58 LEFFERTS BOULEVARD,11420,,,,40.6801994328,POINT (-73.821219838281 40.680199432811),,,,,,-73.8212198383,QUEENS,Unspecified,2018-01-30T00:00:00.000,The Department of Buildings attempted to investigate this complaint twice but could not gain access to the location. If the problem still exists, please call 311 and file a new complaint with additional access information. If you are outside of New York City, please call (212) NEW-YORK (212-639-9675).,,Unspecified,Unspecified,Unspecified,Unspecified,,Unspecified,,Unspecified,Unspecified,Unspecified,Unspecified,Closed,LEFFERTS BOULEVARD,,,23855599,
ADDRESS,DOB,Department of Buildings,QUEENS,,,,South Ozone Park,2018-02-09T00:00:00.000,10 QUEENS,Plumbing,2012-11-20T14:55:30.000,SUTTER AVENUE,130 AVENUE,Failure To Retain Water/Improper Drainage- (LL103/89),,N/A,,,,128-20 VANWYCK EXPRESSWAY,11420,,,,40.6722103552,POINT (-73.801716802463 40.672210355237),,,,,,-73.8017168025,QUEENS,Unspecified,2018-02-09T00:00:00.000,The Department of Buildings investigated this complaint and determined that no further action was necessary.,,Unspecified,Unspecified,Unspecified,Unspecified,,Unspecified,,Unspecified,Unspecified,Unspecified,Unspecified,Closed,VANWYCK EXPRESSWAY,,,24444395,,1039253,184243
ADDRESS,DOB,Department of Buildings,QUEENS,,,,South Richmond Hill,2018-01-26T00:00:00.000,10 QUEENS,Plumbing,2012-09-11T14:58:10.000,125 STREET,126 STREET,Failure To Retain Water/Improper Drainage- (LL103/89),,N/A,,,,125-18 LIBERTY AVENUE,11419,,,,40.6881889345,POINT (-73.819114252542 40.688188934452),,,,,,-73.8191142525,QUEENS,Unspecified,2018-01-26T00:00:00.000,The Department of Buildings investigated this complaint and determined that no further action was necessary.,,Unspecified,Unspecified,Unspecified,Unspecified,,Unspecified,,Unspecified,Unspecified,Unspecified,Unspecified,Closed,LIBERTY AVENUE,,,24001421,,1034415,190054
ADDRESS,DOB,Department of Buildings,QUEENS,,,,Ozone Park,2018-01-26T00:00:00.000,10 QUEENS,Plumbing,2012-07-20T17:43:32.000,LIBERTY AVENUE,107 AVENUE,Failure To Retain Water/Improper Drainage- (LL103/89),,N/A,,,,105-56 89 STREET,11417,,,,40.6796114361,POINT (-73.849570327204 40.679611436076),,,,,,-73.8495703272,QUEENS,Unspecified,2018-01-26T00:00:00.000,The Department of Buildings investigated this complaint and determined that no further action was necessary.,,Unspecified,Unspecified,Unspecified,Unspecified,,Unspecified,,Unspecified,Unspecified,Unspecified,Unspecified,Closed,89 STREET,,,23663009,,1025974,186913
ADDRESS,DOB,Department of Buildings,QUEENS,,,,South Richmond Hill,2018-01-26T00:00:00.000,10 QUEENS,Plumbing,2012-07-18T15:01:20.000,107 AVENUE,109 AVENUE,Failure To Retain Water/Improper Drainage- (LL103/89),,N/A,,,,107-12 125 STREET,11419,,,,40.6854424526,POINT (-73.818032789718 40.685442452628),,,,,,-73.8180327897,QUEENS,Unspecified,2018-01-26T00:00:00.000,The Department of Buildings investigated this complaint and determined that no further action was necessary.,,Unspecified,Unspecified,Unspecified,Unspecified,,Unspecified,,Unspecified,Unspecified,Unspecified,Unspecified,Closed,125 STREET,,,23641698,,1034717,189054
ADDRESS,DOB,Department of Buildings,QUEENS,,,,Bayside,2018-02-06T00:00:00.000,11 QUEENS,Plumbing,2012-07-11T20:10:03.000,39 AVENUE,40 AVENUE,Failure To Retain Water/Improper Drainage- (LL103/89),,N/A,,,,39-01 BELL BOULEVARD,11361,,,,40.7651668832,POINT (-73.771802029426 40.765166883167),,,,,,-73.7718020294,QUEENS,Unspecified,2018-02-06T00:00:00.000,The Department of Buildings investigated this complaint and issued an Environmental Control Board violation.,,Unspecified,Unspecified,Unspecified,Unspecified,,Unspecified,,Unspecified,Unspecified,Unspecified,Unspecified,Closed,BELL BOULEVARD,,,23605591,,1047463,218130
ADDRESS,DOB,Department of Buildings,QUEENS,,,,Little Neck,2018-02-06T00:00:00.000,11 QUEENS,Plumbing,2012-05-11T13:09:12.000,MARYLAND ROAD,VAN ZANDT AVENUE,Failure To Retain Water/Improper Drainage- (LL103/89),,N/A,,,,49-16 DOUGLASTON PARKWAY,11362,,,,40.7609600503,POINT (-73.742281331794 40.760960050282),,,,,,-73.7422813318,QUEENS,Unspecified,2018-02-06T00:00:00.000,The Department of Buildings investigated this complaint and determined that no further action was necessary.,,Unspecified,Unspecified,Unspecified,Unspecified,,Unspecified,,Unspecified,Unspecified,Unspecified,Unspecified,Closed,DOUGLASTON PARKWAY,,,23213831,,1055645,216620
ADDRESS,DOB,Department of Buildings,QUEENS,,,,Little Neck,2018-01-30T00:00:00.000,11 QUEENS,Plumbing,2012-08-16T10:36:02.000,MORENCI LANE,RUSHMORE TERRACE,Failure To Retain Water/Improper Drainage- (LL103/89),,N/A,,,,251-05 VAN ZANDT AVENUE,11362,,,,40.7651421569,POINT (-73.732258241033 40.765142156933),,,,,,-73.732258241,QUEENS,Unspecified,2018-01-30T00:00:00.000,The Department of Buildings investigated this complaint and determined that no further action was necessary.,,Unspecified,Unspecified,Unspecified,Unspecified,,Unspecified,,Unspecified,Unspecified,Unspecified,Unspecified,Closed,VAN ZANDT AVENUE,,,23818007,,1058417,218152
ADDRESS,DOB,Department of Buildings,QUEENS,,,,Little Neck,2018-01-30T00:00:00.000,11 QUEENS,Plumbing,2012-08-04T16:40:24.000,BEND,NORTHERN BOULEVARD,Failure To Retain Water/Improper Drainage- (LL103/89),,N/A,,,,246-46 ALAMEDA AVENUE,11362,,,,40.7663886418,POINT (-73.739603319036 40.766388641834),,,,,,-73.739603319,QUEENS,Unspecified,2018-01-30T00:00:00.000,The Department of Buildings investigated this complaint and determined that no further action was necessary.,,Unspecified,Unspecified,Unspecified,Unspecified,,Unspecified,,Unspecified,Unspecified,Unspecified,Unspecified,Closed,ALAMEDA AVENUE,,,23743555,,1056381,218600
ADDRESS,DOB,Department of Buildings,QUEENS,,,,Little Neck,2018-01-30T00:00:00.000,11 QUEENS,Plumbing,2012-07-23T10:50:27.000,248 STREET,BEND,Failure To Retain Water/Improper Drainage- (LL103/89),,N/A,,,,248-08 54 AVENUE,11362,,,,40.7604732444,POINT (-73.734594463972 40.76047324443),,,,,,-73.734594464,QUEENS,Unspecified,2018-01-30T00:00:00.000,The Department of Buildings investigated this complaint and determined that no further action was necessary.,,Unspecified,Unspecified,Unspecified,Unspecified,,Unspecified,,Unspecified,Unspecified,Unspecified,Unspecified,Closed,54 AVENUE,,,23669529,,1057775,216449
ADDRESS,DOB,Department of Buildings,QUEENS,,,,Oakland Gardens,2018-01-25T00:00:00.000,11 QUEENS,Plumbing,2012-10-16T11:39:52.000,73 AVENUE,73 ROAD,Failure To Retain Water/Improper Drainage- (LL103/89),,N/A,,,,73-20 BELL BOULEVARD,11364,,,,40.7403180042,POINT (-73.758058800595 40.740318004224),,,,,,-73.7580588006,QUEENS,Unspecified,2018-01-25T00:00:00.000,The Department of Buildings investigated this complaint and determined that no further action was necessary.,,Unspecified,Unspecified,Unspecified,Unspecified,,Unspecified,,Unspecified,Unspecified,Unspecified,Unspecified,Closed,BELL BOULEVARD,,,24211712,,1051295,209087
ADDRESS,DOB,Department of Buildings,QUEENS,,,,Oakland Gardens,2018-01-25T00:00:00.000,11 QUEENS,Plumbing,2012-07-18T17:53:33.000,211 STREET,212 STREET,Failure To Retain Water/Improper Drainage- (LL103/89),,N/A,,,,211-06 48 AVENUE,11364,,,,40.7550677362,POINT (-73.769818946705 40.755067736207),,,,,,-73.7698189467,QUEENS,Unspecified,2018-01-25T00:00:00.000,The Department of Buildings investigated this complaint and determined that no further action was necessary.,,Unspecified,Unspecified,Unspecified,Unspecified,,Unspecified,,Unspecified,Unspecified,Unspecified,Unspecified,Closed,48 AVENUE,,,23638870,,1048022,214452
ADDRESS,DOB,Department of Buildings,BRONX,,,,BRONX,2018-01-26T00:00:00.000,12 BRONX,Plumbing,2014-07-23T09:56:27.000,PAULDING AVENUE,LACONIA AVENUE,Failure To Retain Water/Improper Drainage- (LL103/89),,N/A,,,,1052 EAST  229 STREET,10466,,,,40.8874034556,POINT (-73.848799955568 40.887403455592),,,,,,-73.8487999556,BRONX,Unspecified,2018-01-26T00:00:00.000,The Department of Buildings investigated this complaint and determined that no further action was necessary.,,Unspecified,Unspecified,Unspecified,Unspecified,,Unspecified,,Unspecified,Unspecified,Unspecified,Unspecified,Closed,EAST  229 STREET,,,28541391,,1026057,262619
ADDRESS,DOB,Department of Buildings,BROOKLYN,,,,BROOKLYN,2018-01-20T00:00:00.000,13 BROOKLYN,Plumbing,2013-07-03T09:10:30.000,BRIGHTON BEACH AVENUE,SEA BREEZE AVENUE,Gas Hook-Up/Piping - Illegal Or Defective,,N/A,,,,3100 OCEAN PARKWAY,11235,,,,40.5758673694,POINT (-73.968638981949 40.575867369405),,,,,,-73.9686389819,BROOKLYN,Unspecified,2018-01-20T00:00:00.000,The Department of Buildings investigated this complaint and removed the stop work order.,,Unspecified,Unspecified,Unspecified,Unspecified,,Unspecified,,Unspecified,Unspecified,Unspecified,Unspecified,Closed,OCEAN PARKWAY,,,25869754,,992962,149082
ADDRESS,DOB,Department of Buildings,QUEENS,,,,Springfield Gardens,2018-02-13T00:00:00.000,13 QUEENS,Plumbing,2013-02-12T18:29:04.000,SPRINGFIELD BOULEVARD,221 STREET,Failure To Retain Water/Improper Drainage- (LL103/89),,N/A,,,,219-21 EDGEWOOD AVENUE,11413,,,,40.6694818302,POINT (-73.755922154943 40.669481830206),,,,,,-73.7559221549,QUEENS,Unspecified,2018-02-13T00:00:00.000,The Department of Buildings investigated this complaint and determined that no further action was necessary.,,Unspecified,Unspecified,Unspecified,Unspecified,,Unspecified,,Unspecified,Unspecified,Unspecified,Unspecified,Closed,EDGEWOOD AVENUE,,,24988413,,1051959,183281
ADDRESS,DOB,Department of Buildings,QUEENS,,,,Queens Village,2018-02-09T00:00:00.000,13 QUEENS,Plumbing,2014-04-05T13:24:45.000,89 AVENUE,90 AVENUE,Failure To Retain Water/Improper Drainage- (LL103/89),,N/A,,,,89-53 207 STREET,11427,,,,40.7192495184,POINT (-73.75691594447 40.719249518427),,,,,,-73.7569159445,QUEENS,Unspecified,2018-02-09T00:00:00.000,,,Unspecified,Unspecified,Unspecified,Unspecified,,Unspecified,,Unspecified,Unspecified,Unspecified,Unspecified,Assigned,207 STREET,,,27790339,,1051633,201412
